{"liste_regions": ["Auvergne-Rh\u00f4ne-Alpes", "Hauts-de-France", "Provence-Alpes-C\u00f4te d'Azur", "Grand Est", "Occitanie", "Normandie", "Nouvelle-Aquitaine", "Centre", "Bourgogne-Franche-Comt\u00e9", "Bretagne", "Corse", "Pays de la Loire", "Ile-de-France", "Guadeloupe", "Martinique", "Guyane", "La R\u00e9union", "Mayotte"], "donnees_regions": {"Auvergne-Rh\u00f4ne-Alpes": {"incidence_cas": 15, "incidence_hosp": 0.8798794738618171, "incidence_dc": 0.14871202375129303, "population": 8069287, "taux_positivite": 0.7, "incidence_rea": 0.22306803562693955, "incidence_evol": -6.25}, "Hauts-de-France": {"incidence_cas": 15, "incidence_hosp": 1.1609219289813368, "incidence_dc": 0.31066924860063944, "population": 6115829, "taux_positivite": 0.7, "incidence_rea": 0.22891418317941853, "incidence_evol": -11.76}, "Provence-Alpes-C\u00f4te d'Azur": {"incidence_cas": 18, "incidence_hosp": 1.2178346781567404, "incidence_dc": 0.2553524325167359, "population": 5091003, "taux_positivite": 0.6, "incidence_rea": 0.29463742213469524, "incidence_evol": 28.57}, "Grand Est": {"incidence_cas": 13, "incidence_hosp": 0.7041470033615977, "incidence_dc": 0.2816588013446391, "population": 5680632, "taux_positivite": 0.5, "incidence_rea": 0.08801837542019972, "incidence_evol": -7.14}, "Occitanie": {"incidence_cas": 18, "incidence_hosp": 0.4565979932010868, "incidence_dc": 0.08455518392612718, "population": 5913298, "taux_positivite": 0.7, "incidence_rea": 0.06764414714090175, "incidence_evol": 12.5}, "Normandie": {"incidence_cas": 17, "incidence_hosp": 0.8464526192308781, "incidence_dc": 0.4378203202918335, "population": 3426063, "taux_positivite": 0.8, "incidence_rea": 0.1459401067639445, "incidence_evol": 6.25}, "Nouvelle-Aquitaine": {"incidence_cas": 18, "incidence_hosp": 0.49411460098763627, "incidence_dc": 0.04941146009876363, "population": 6071466, "taux_positivite": 0.9, "incidence_rea": 0.11529340689711513, "incidence_evol": 5.88}, "Centre": {"incidence_cas": 14, "incidence_hosp": 0.604379789237658, "incidence_dc": 0.11332121048206088, "population": 2647342, "taux_positivite": 0.8, "incidence_rea": 0.11332121048206088, "incidence_evol": 0.0}, "Bourgogne-Franche-Comt\u00e9": {"incidence_cas": 11, "incidence_hosp": 1.136070620903906, "incidence_dc": 0.20655829470980108, "population": 2904749, "taux_positivite": 0.6, "incidence_rea": 0.20655829470980108, "incidence_evol": -8.33}, "Bretagne": {"incidence_cas": 18, "incidence_hosp": 0.5305499503935797, "incidence_dc": 0.05894999448817552, "population": 3392706, "taux_positivite": 0.9, "incidence_rea": 0.08842499173226327, "incidence_evol": 20.0}, "Corse": {"incidence_cas": 4, "incidence_hosp": 0.0, "incidence_dc": 0.30055030761323986, "population": 332723, "taux_positivite": 0.1, "incidence_rea": 0.0, "incidence_evol": -33.33}, "Pays de la Loire": {"incidence_cas": 11, "incidence_hosp": 0.5758306094800564, "incidence_dc": 0.13087059306364918, "population": 3820568, "taux_positivite": 0.5, "incidence_rea": 0.0785223558381895, "incidence_evol": 10.0}, "Ile-de-France": {"incidence_cas": 30, "incidence_hosp": 1.439234144259999, "incidence_dc": 0.42522826989499973, "population": 12228726, "taux_positivite": 0.8, "incidence_rea": 0.35980853606499974, "incidence_evol": 20.0}, "Guadeloupe": {"incidence_cas": 32, "incidence_hosp": 11.370883616534254, "incidence_dc": 2.2247380988871366, "population": 404542, "taux_positivite": 2.4, "incidence_rea": 1.2359656104928536, "incidence_evol": -23.81}, "Martinique": {"incidence_cas": 86, "incidence_hosp": 2.3263327948303716, "incidence_dc": 0.0, "population": 386875, "taux_positivite": 5.3, "incidence_rea": 0.5169628432956381, "incidence_evol": 168.75}, "Guyane": {"incidence_cas": 190, "incidence_hosp": 29.34663714217112, "incidence_dc": 2.6678761038337377, "population": 262381, "taux_positivite": 7.3, "incidence_rea": 7.62250315381068, "incidence_evol": -22.76}, "La R\u00e9union": {"incidence_cas": 150, "incidence_hosp": 10.221908337360146, "incidence_dc": 0.9292643943054678, "population": 860896, "taux_positivite": 4.1, "incidence_rea": 2.67163513362822, "incidence_evol": 14.5}, "Mayotte": {"incidence_cas": 6, "incidence_hosp": 0.0, "incidence_dc": 0.0, "population": 270372, "taux_positivite": 0.5, "incidence_rea": 0.0, "incidence_evol": 0.0}}, "donnees_france": {"incidence_cas": 21.452731986346716, "incidence_hosp": 1.2006577895775183, "incidence_dc": 0.25928315455907147, "population": "67114995", "incidence_rea": 0.26075635430088434}, "date_donnees": "01/07", "date_update": "04/07"}