{"liste_regions": ["Auvergne-Rh\u00f4ne-Alpes", "Hauts-de-France", "Provence-Alpes-C\u00f4te d'Azur", "Grand Est", "Occitanie", "Normandie", "Nouvelle-Aquitaine", "Centre", "Bourgogne-Franche-Comt\u00e9", "Bretagne", "Corse", "Pays de la Loire", "Ile-de-France", "Guadeloupe", "Martinique", "Guyane", "La R\u00e9union", "Mayotte"], "donnees_regions": {"Auvergne-Rh\u00f4ne-Alpes": {"incidence_cas": 15, "incidence_hosp": 1.1029475094887564, "incidence_dc": 0.2478533729188217, "population": 8069287, "taux_positivite": 0.7, "incidence_rea": 0.2354607042728806, "incidence_evol": -28.57}, "Hauts-de-France": {"incidence_cas": 15, "incidence_hosp": 1.2099749682340692, "incidence_dc": 0.3924243140218603, "population": 6115829, "taux_positivite": 0.6, "incidence_rea": 0.4251263401903487, "incidence_evol": -31.82}, "Provence-Alpes-C\u00f4te d'Azur": {"incidence_cas": 13, "incidence_hosp": 1.4142596262465372, "incidence_dc": 0.373207401370614, "population": 5091003, "taux_positivite": 0.4, "incidence_rea": 0.5303473598424514, "incidence_evol": -27.78}, "Grand Est": {"incidence_cas": 13, "incidence_hosp": 0.8449764040339173, "incidence_dc": 0.3520735016807989, "population": 5680632, "taux_positivite": 0.5, "incidence_rea": 0.10562205050423966, "incidence_evol": -35.0}, "Occitanie": {"incidence_cas": 15, "incidence_hosp": 0.49042006677153765, "incidence_dc": 0.1860214046374798, "population": 5913298, "taux_positivite": 0.6, "incidence_rea": 0.06764414714090175, "incidence_evol": -28.57}, "Normandie": {"incidence_cas": 14, "incidence_hosp": 0.875640640583667, "incidence_dc": 0.3794442775862557, "population": 3426063, "taux_positivite": 0.6, "incidence_rea": 0.17512812811673342, "incidence_evol": -36.36}, "Nouvelle-Aquitaine": {"incidence_cas": 15, "incidence_hosp": 0.6258784945843392, "incidence_dc": 0.11529340689711513, "population": 6071466, "taux_positivite": 0.7, "incidence_rea": 0.16470486699587877, "incidence_evol": -28.57}, "Centre": {"incidence_cas": 13, "incidence_hosp": 0.793248473374426, "incidence_dc": 0.302189894618829, "population": 2647342, "taux_positivite": 0.8, "incidence_rea": 0.1510949473094145, "incidence_evol": -23.53}, "Bourgogne-Franche-Comt\u00e9": {"incidence_cas": 12, "incidence_hosp": 1.411481680516974, "incidence_dc": 0.2409846771614346, "population": 2904749, "taux_positivite": 0.6, "incidence_rea": 0.30983744206470165, "incidence_evol": -29.41}, "Bretagne": {"incidence_cas": 15, "incidence_hosp": 0.854774920078545, "incidence_dc": 0.11789998897635104, "population": 3392706, "taux_positivite": 0.7, "incidence_rea": 0.11789998897635104, "incidence_evol": -6.25}, "Corse": {"incidence_cas": 3, "incidence_hosp": 0.0, "incidence_dc": 0.0, "population": 332723, "taux_positivite": 0.1, "incidence_rea": 0.0, "incidence_evol": -57.14}, "Pays de la Loire": {"incidence_cas": 10, "incidence_hosp": 0.7328753211564354, "incidence_dc": 0.20939294890183865, "population": 3820568, "taux_positivite": 0.5, "incidence_rea": 0.13087059306364918, "incidence_evol": -33.33}, "Ile-de-France": {"incidence_cas": 24, "incidence_hosp": 1.6600257459362489, "incidence_dc": 0.4415832033524997, "population": 12228726, "taux_positivite": 0.7, "incidence_rea": 0.4006958697087497, "incidence_evol": -25.0}, "Guadeloupe": {"incidence_cas": 38, "incidence_hosp": 4.449476197774273, "incidence_dc": 0.7415793662957122, "population": 404542, "taux_positivite": 2.9, "incidence_rea": 0.7415793662957122, "incidence_evol": 26.67}, "Martinique": {"incidence_cas": 31, "incidence_hosp": 1.0339256865912763, "incidence_dc": 0.0, "population": 386875, "taux_positivite": 2.2, "incidence_rea": 0.25848142164781907, "incidence_evol": 29.17}, "Guyane": {"incidence_cas": 236, "incidence_hosp": 33.539013876766994, "incidence_dc": 1.143375473071602, "population": 262381, "taux_positivite": 9.1, "incidence_rea": 6.098002523048544, "incidence_evol": -16.31}, "La R\u00e9union": {"incidence_cas": 136, "incidence_hosp": 8.71185369661376, "incidence_dc": 1.2777385421700183, "population": 860896, "taux_positivite": 4.0, "incidence_rea": 1.8585287886109356, "incidence_evol": 7.09}, "Mayotte": {"incidence_cas": 5, "incidence_hosp": 0.36986078440075154, "incidence_dc": 0.0, "population": 270372, "taux_positivite": 0.5, "incidence_rea": 0.0, "incidence_evol": -16.67}}, "donnees_france": {"incidence_cas": 18.539821093631907, "incidence_hosp": 1.3082013707298605, "incidence_dc": 0.31231834526433605, "population": "67114995", "incidence_rea": 0.30200594707164574}, "date_donnees": "26/06", "date_update": "29/06"}