{"liste_regions": ["Auvergne-Rh\u00f4ne-Alpes", "Hauts-de-France", "Provence-Alpes-C\u00f4te d'Azur", "Grand Est", "Occitanie", "Normandie", "Nouvelle-Aquitaine", "Centre", "Bourgogne-Franche-Comt\u00e9", "Bretagne", "Corse", "Pays de la Loire", "Ile-de-France", "Guadeloupe", "Martinique", "Guyane", "La R\u00e9union", "Mayotte"], "donnees_regions": {"Auvergne-Rh\u00f4ne-Alpes": {"incidence_cas": 202, "incidence_hosp": 3.246879185236564, "incidence_dc": 0.17349736104317517, "population": 8069287, "taux_positivite": 4.3, "incidence_rea": 0.6939894441727007, "incidence_evol": 112.63}, "Hauts-de-France": {"incidence_cas": 92, "incidence_hosp": 1.6841543476771503, "incidence_dc": 0.26161620934790686, "population": 6115829, "taux_positivite": 2.4, "incidence_rea": 0.4251263401903487, "incidence_evol": 87.76}, "Provence-Alpes-C\u00f4te d'Azur": {"incidence_cas": 434, "incidence_hosp": 9.703392435635964, "incidence_dc": 0.21606744289877652, "population": 5091003, "taux_positivite": 5.1, "incidence_rea": 1.6303270691453138, "incidence_evol": 137.16}, "Grand Est": {"incidence_cas": 121, "incidence_hosp": 2.3236851110932726, "incidence_dc": 0.14082940067231955, "population": 5680632, "taux_positivite": 2.6, "incidence_rea": 0.5105065774371584, "incidence_evol": 105.08}, "Occitanie": {"incidence_cas": 402, "incidence_hosp": 7.1364575233651335, "incidence_dc": 0.25366555177838157, "population": 5913298, "taux_positivite": 6.4, "incidence_rea": 1.1668615381805552, "incidence_evol": 99.01}, "Normandie": {"incidence_cas": 106, "incidence_hosp": 2.1599135801063785, "incidence_dc": 0.4086322989390446, "population": 3426063, "taux_positivite": 2.9, "incidence_rea": 0.2043161494695223, "incidence_evol": 39.47}, "Nouvelle-Aquitaine": {"incidence_cas": 230, "incidence_hosp": 3.425861233514278, "incidence_dc": 0.26352778719340597, "population": 6071466, "taux_positivite": 5.1, "incidence_rea": 0.6423489812839271, "incidence_evol": 81.1}, "Centre": {"incidence_cas": 68, "incidence_hosp": 1.208759578475316, "incidence_dc": 0.26441615779147537, "population": 2647342, "taux_positivite": 2.1, "incidence_rea": 0.33996363144618263, "incidence_evol": 94.29}, "Bourgogne-Franche-Comt\u00e9": {"incidence_cas": 96, "incidence_hosp": 1.9967301821947436, "incidence_dc": 0.2409846771614346, "population": 2904749, "taux_positivite": 2.6, "incidence_rea": 0.17213191225816757, "incidence_evol": 118.18}, "Bretagne": {"incidence_cas": 100, "incidence_hosp": 1.7684998346452656, "incidence_dc": 0.08842499173226327, "population": 3392706, "taux_positivite": 2.7, "incidence_rea": 0.2947499724408776, "incidence_evol": 66.67}, "Corse": {"incidence_cas": 578, "incidence_hosp": 7.513757690330996, "incidence_dc": 0.0, "population": 332723, "taux_positivite": 5.5, "incidence_rea": 1.803301845679439, "incidence_evol": 140.83}, "Pays de la Loire": {"incidence_cas": 109, "incidence_hosp": 1.8583624215038184, "incidence_dc": 0.20939294890183865, "population": 3820568, "taux_positivite": 2.8, "incidence_rea": 0.34026354196548786, "incidence_evol": 60.29}, "Ile-de-France": {"incidence_cas": 187, "incidence_hosp": 3.7943445621399974, "incidence_dc": 0.3107437356924998, "population": 12228726, "taux_positivite": 2.8, "incidence_rea": 0.9322312070774993, "incidence_evol": 61.21}, "Guadeloupe": {"incidence_cas": 366, "incidence_hosp": 17.30351854689995, "incidence_dc": 1.2359656104928536, "population": 404542, "taux_positivite": 11.1, "incidence_rea": 4.943862441971414, "incidence_evol": 215.52}, "Martinique": {"incidence_cas": 1035, "incidence_hosp": 29.98384491114701, "incidence_dc": 3.101777059773829, "population": 386875, "taux_positivite": 16.1, "incidence_rea": 5.169628432956381, "incidence_evol": 47.86}, "Guyane": {"incidence_cas": 233, "incidence_hosp": 29.34663714217112, "incidence_dc": 5.71687736535801, "population": 262381, "taux_positivite": 9.2, "incidence_rea": 9.528128942263349, "incidence_evol": 15.92}, "La R\u00e9union": {"incidence_cas": 345, "incidence_hosp": 10.570382485224696, "incidence_dc": 0.8131063450172844, "population": 860896, "taux_positivite": 8.2, "incidence_rea": 3.136267330780954, "incidence_evol": 60.47}, "Mayotte": {"incidence_cas": 5, "incidence_hosp": 0.0, "incidence_dc": 0.0, "population": 270372, "taux_positivite": 0.4, "incidence_rea": 0.0, "incidence_evol": 25.0}}, "donnees_france": {"incidence_cas": 206.70939482301984, "incidence_hosp": 4.0645580876618075, "incidence_dc": 0.2887471493953296, "population": "67114995", "incidence_rea": 0.8220454559316016}, "date_donnees": "26/07", "date_update": "29/07"}