{"liste_regions": ["Auvergne-Rh\u00f4ne-Alpes", "Hauts-de-France", "Provence-Alpes-C\u00f4te d'Azur", "Grand Est", "Occitanie", "Normandie", "Nouvelle-Aquitaine", "Centre", "Bourgogne-Franche-Comt\u00e9", "Bretagne", "Corse", "Pays de la Loire", "Ile-de-France", "Guadeloupe", "Martinique", "Guyane", "La R\u00e9union", "Mayotte"], "donnees_regions": {"Auvergne-Rh\u00f4ne-Alpes": {"incidence_cas": 147, "incidence_hosp": 1.8093296223073985, "incidence_dc": 0.09914134916752868, "population": 8069287, "taux_positivite": 3.9, "incidence_rea": 0.2354607042728806, "incidence_evol": 297.3}, "Hauts-de-France": {"incidence_cas": 68, "incidence_hosp": 0.9483587588861624, "incidence_dc": 0.40877532710610454, "population": 6115829, "taux_positivite": 2.5, "incidence_rea": 0.2452651962636627, "incidence_evol": 172.0}, "Provence-Alpes-C\u00f4te d'Azur": {"incidence_cas": 276, "incidence_hosp": 5.6177535153681895, "incidence_dc": 0.2357099377077562, "population": 5091003, "taux_positivite": 4.3, "incidence_rea": 0.9035547612130655, "incidence_evol": 311.94}, "Grand Est": {"incidence_cas": 84, "incidence_hosp": 1.1794462306306763, "incidence_dc": 0.2464514511765592, "population": 5680632, "taux_positivite": 2.3, "incidence_rea": 0.14082940067231955, "incidence_evol": 189.66}, "Occitanie": {"incidence_cas": 297, "incidence_hosp": 3.9910046813132025, "incidence_dc": 0.10146622071135261, "population": 5913298, "taux_positivite": 6.0, "incidence_rea": 0.7271745817646937, "incidence_evol": 245.35}, "Normandie": {"incidence_cas": 97, "incidence_hosp": 1.6637172171089676, "incidence_dc": 0.1459401067639445, "population": 3426063, "taux_positivite": 3.5, "incidence_rea": 0.291880213527889, "incidence_evol": 136.59}, "Nouvelle-Aquitaine": {"incidence_cas": 184, "incidence_hosp": 2.2399861911439514, "incidence_dc": 0.11529340689711513, "population": 6071466, "taux_positivite": 5.1, "incidence_rea": 0.46117362758846053, "incidence_evol": 300.0}, "Centre": {"incidence_cas": 47, "incidence_hosp": 1.322080788957377, "incidence_dc": 0.11332121048206088, "population": 2647342, "taux_positivite": 1.9, "incidence_rea": 0.302189894618829, "incidence_evol": 135.0}, "Bourgogne-Franche-Comt\u00e9": {"incidence_cas": 67, "incidence_hosp": 1.549187210323508, "incidence_dc": 0.034426382451633514, "population": 2904749, "taux_positivite": 2.5, "incidence_rea": 0.34426382451633514, "incidence_evol": 235.0}, "Bretagne": {"incidence_cas": 80, "incidence_hosp": 1.090574898031247, "incidence_dc": 0.02947499724408776, "population": 3392706, "taux_positivite": 2.8, "incidence_rea": 0.26527497519678983, "incidence_evol": 142.42}, "Corse": {"incidence_cas": 373, "incidence_hosp": 4.808804921811838, "incidence_dc": 0.0, "population": 332723, "taux_positivite": 4.3, "incidence_rea": 0.6011006152264797, "incidence_evol": 236.04}, "Pays de la Loire": {"incidence_cas": 88, "incidence_hosp": 1.0731388631219232, "incidence_dc": 0.026174118612729832, "population": 3820568, "taux_positivite": 3.0, "incidence_rea": 0.157044711676379, "incidence_evol": 131.58}, "Ile-de-France": {"incidence_cas": 156, "incidence_hosp": 3.033840156366248, "incidence_dc": 0.24532400186249984, "population": 12228726, "taux_positivite": 2.8, "incidence_rea": 0.7196170721299995, "incidence_evol": 151.61}, "Guadeloupe": {"incidence_cas": 179, "incidence_hosp": 11.123690494435683, "incidence_dc": 1.2359656104928536, "population": 404542, "taux_positivite": 7.5, "incidence_rea": 3.4607037093799904, "incidence_evol": 231.48}, "Martinique": {"incidence_cas": 946, "incidence_hosp": 23.263327948303715, "incidence_dc": 0.7754442649434572, "population": 386875, "taux_positivite": 15.8, "incidence_rea": 4.652665589660743, "incidence_evol": 141.94}, "Guyane": {"incidence_cas": 250, "incidence_hosp": 30.871137772933256, "incidence_dc": 2.6678761038337377, "population": 262381, "taux_positivite": 7.9, "incidence_rea": 7.62250315381068, "incidence_evol": 50.6}, "La R\u00e9union": {"incidence_cas": 284, "incidence_hosp": 9.176485893766495, "incidence_dc": 1.2777385421700183, "population": 860896, "taux_positivite": 7.0, "incidence_rea": 3.3685834293573205, "incidence_evol": 86.84}, "Mayotte": {"incidence_cas": 4, "incidence_hosp": 0.0, "incidence_dc": 0.0, "population": 270372, "taux_positivite": 0.3, "incidence_rea": 0.0, "incidence_evol": 0.0}}, "donnees_france": {"incidence_cas": 155.21866611179811, "incidence_hosp": 2.6900627285503664, "incidence_dc": 0.2047747641119939, "population": "67114995", "incidence_rea": 0.5495035036962139}, "date_donnees": "21/07", "date_update": "24/07"}