{"Auvergne-Rh\u00f4ne-Alpes": {"value": 0.5945052917163625}, "Bourgogne-Franche-Comt\u00e9": {"value": 0.5880341237985435}, "Bretagne": {"value": 0.6879172583873698}, "Centre": {"value": 0.4966392673760688}, "Corse": {"value": 0.8840577835753124}, "Grand Est": {"value": 0.6101618893854508}, "Guadeloupe": {"value": 0.7173567944736258}, "Guyane": {"value": 0.9482223824392917}, "Hauts-de-France": {"value": 0.5079969365680913}, "Ile-de-France": {"value": 0.6437769359730792}, "La R\u00e9union": {"value": 0.9725425294140295}, "Martinique": {"value": 0.59451048593144}, "Mayotte": {"value": 0.3145506009750218}, "Normandie": {"value": 0.6438896776109864}, "Nouvelle-Aquitaine": {"value": 0.7005531210765785}, "Occitanie": {"value": 0.6694870975254759}, "Pays de la Loire": {"value": 0.5353489570726552}, "Provence-Alpes-C\u00f4te d'Azur": {"value": 0.6073638352767927}}